{
	"partitions" : [
		{
			"name" : "Top",
			"pins" : [
				{
					"name" : "resultado[7]",
					"strict" : false
				},
				{
					"name" : "resultado[6]",
					"strict" : false
				},
				{
					"name" : "resultado[5]",
					"strict" : false
				},
				{
					"name" : "resultado[4]",
					"strict" : false
				},
				{
					"name" : "resultado[3]",
					"strict" : false
				},
				{
					"name" : "resultado[2]",
					"strict" : false
				},
				{
					"name" : "resultado[1]",
					"strict" : false
				},
				{
					"name" : "resultado[0]",
					"strict" : false
				},
				{
					"name" : "addr[3]",
					"strict" : false
				},
				{
					"name" : "addr[2]",
					"strict" : false
				},
				{
					"name" : "addr[1]",
					"strict" : false
				},
				{
					"name" : "addr[0]",
					"strict" : false
				}
			]
		}
	]
}